/*
 Navicat Premium Data Transfer

 Source Server         : localhost_3306
 Source Server Type    : MySQL
 Source Server Version : 50729
 Source Host           : localhost:3306
 Source Schema         : jerry

 Target Server Type    : MySQL
 Target Server Version : 50729
 File Encoding         : 65001

 Date: 19/07/2020 18:20:05
*/

SET NAMES utf8mb4;
SET FOREIGN_KEY_CHECKS = 0;

-- ----------------------------
-- Table structure for sys_account
-- ----------------------------
DROP TABLE IF EXISTS `sys_account`;
CREATE TABLE `sys_account` (
  `id` int(11) NOT NULL AUTO_INCREMENT COMMENT '主键',
  `enabled` tinyint(1) NOT NULL DEFAULT '1' COMMENT '是否启用 : 0:否;1:是',
  `create_org` int(11) NOT NULL COMMENT '创建组织',
  `create_user` int(11) NOT NULL COMMENT '创建人',
  `create_time` datetime NOT NULL DEFAULT CURRENT_TIMESTAMP COMMENT '创建时间',
  `modify_org` int(11) DEFAULT NULL COMMENT '修改组织',
  `modify_user` int(11) DEFAULT NULL COMMENT '修改人',
  `modify_time` datetime DEFAULT NULL COMMENT '修改时间',
  `access_code` char(32) DEFAULT NULL COMMENT '更新验证码',
  `alias` varchar(50) NOT NULL COMMENT '别名',
  `username` varchar(50) NOT NULL COMMENT '用户名',
  `password` varchar(32) NOT NULL COMMENT '密码',
  `failure_count` int(11) NOT NULL DEFAULT '0' COMMENT '失败次数',
  `locked_date` datetime DEFAULT NULL COMMENT '锁定时间',
  `account_expired` tinyint(1) NOT NULL DEFAULT '0' COMMENT '帐号过期 : 0:否;1:是',
  `account_locked` tinyint(1) NOT NULL DEFAULT '0' COMMENT '帐号锁定 : 账号是否锁定;0:否;1:是',
  `password_expired` tinyint(1) NOT NULL DEFAULT '0' COMMENT '密码过期 : 0:否;1:是',
  `password_update` datetime NOT NULL DEFAULT CURRENT_TIMESTAMP COMMENT '密码修改时间',
  `org_id` int(11) NOT NULL COMMENT '组织ID',
  `inner_data` tinyint(1) NOT NULL DEFAULT '0' COMMENT '内部数据 : 0:否;1:是',
  PRIMARY KEY (`id`),
  UNIQUE KEY `username` (`username`)
) ENGINE=InnoDB AUTO_INCREMENT=3 DEFAULT CHARSET=utf8 COMMENT='帐号表';

-- ----------------------------
-- Records of sys_account
-- ----------------------------
BEGIN;
INSERT INTO `sys_account` VALUES (1, 1, 1, 1, '2020-01-21 06:03:25', NULL, NULL, NULL, '00000000000000000000000000000000', '系统管理员', 'admin', '5549db7929989f1606e379f3a9c7de8a', 0, NULL, 0, 0, 0, '2999-12-31 00:00:00', 1, 1);
INSERT INTO `sys_account` VALUES (2, 1, 1, 1, '2020-02-05 13:45:17', NULL, NULL, NULL, '99914b932bd37a50b983c5e7c90ae93b', '测试', 'test', '234b64f5e4c0b45fd87845e4f85d7a24', 0, NULL, 0, 0, 0, '2999-12-31 00:00:00', 1, 0);
COMMIT;

-- ----------------------------
-- Table structure for sys_account_log
-- ----------------------------
DROP TABLE IF EXISTS `sys_account_log`;
CREATE TABLE `sys_account_log` (
  `id` int(11) NOT NULL AUTO_INCREMENT COMMENT '主键',
  `enabled` tinyint(1) NOT NULL DEFAULT '1' COMMENT '是否启用 : 0:否;1:是',
  `create_org` int(11) NOT NULL COMMENT '创建组织',
  `create_user` int(11) NOT NULL COMMENT '创建人',
  `create_time` datetime NOT NULL DEFAULT CURRENT_TIMESTAMP COMMENT '创建时间',
  `modify_org` int(11) DEFAULT NULL COMMENT '修改组织',
  `modify_user` int(11) DEFAULT NULL COMMENT '修改人',
  `modify_time` datetime DEFAULT NULL COMMENT '修改时间',
  `access_code` char(32) DEFAULT NULL COMMENT '更新验证码',
  `hostname` varchar(50) NOT NULL COMMENT '主机名称',
  `username` varchar(50) NOT NULL COMMENT '用户名',
  `account_status` enum('PASSWORD INCORRECT','PASSWORD EXPIRED','ACCOUNT DISABLED','ACCOUNT LOCKED','ACCOUNT UNLOCKED','SUCCEED') NOT NULL COMMENT '创建状态',
  `platform` int(1) NOT NULL COMMENT '所属平台',
  PRIMARY KEY (`id`)
) ENGINE=InnoDB AUTO_INCREMENT=35 DEFAULT CHARSET=utf8 COMMENT='帐号日志表';

-- ----------------------------
-- Records of sys_account_log
-- ----------------------------
BEGIN;
INSERT INTO `sys_account_log` VALUES (1, 1, 1, 1, '2020-03-09 17:44:13', NULL, NULL, NULL, '3a9a747bbe6eb5e651e3d6c3d973870b', '127.0.0.1', 'admin', '', 1);
INSERT INTO `sys_account_log` VALUES (2, 1, 1, 2, '2020-03-09 17:44:36', NULL, NULL, NULL, 'f8628258a8d72a51d63a5eb8554df2d2', '127.0.0.1', 'test', '', 1);
INSERT INTO `sys_account_log` VALUES (3, 1, 1, 1, '2020-03-10 10:50:11', NULL, NULL, NULL, '8a97dd0b5d00bf791ef508ed60bd72c9', '127.0.0.1', 'admin', '', 1);
INSERT INTO `sys_account_log` VALUES (4, 1, 1, 2, '2020-03-10 10:51:18', NULL, NULL, NULL, '0e1a54267adb2f7a04de6954696cccf9', '127.0.0.1', 'test', '', 1);
INSERT INTO `sys_account_log` VALUES (5, 1, 1, 1, '2020-03-10 14:31:05', NULL, NULL, NULL, 'e3eb3d32c98a7cfb28319d048f79362d', '127.0.0.1', 'admin', '', 1);
INSERT INTO `sys_account_log` VALUES (6, 1, 1, 1, '2020-03-10 16:06:17', NULL, NULL, NULL, 'a00f6ebb66ad8b15eb524ae4770fa0a0', '127.0.0.1', 'admin', '', 1);
INSERT INTO `sys_account_log` VALUES (7, 1, 1, 1, '2020-03-10 16:10:49', NULL, NULL, NULL, 'e14eb8424b58042e3361eea0150f9271', '127.0.0.1', 'admin', '', 1);
INSERT INTO `sys_account_log` VALUES (8, 1, 1, 2, '2020-03-10 19:36:32', NULL, NULL, NULL, '01c97857c7c42005b869928052ba2c2d', '127.0.0.1', 'test', '', 1);
INSERT INTO `sys_account_log` VALUES (9, 1, 1, 2, '2020-03-11 12:17:42', NULL, NULL, NULL, 'fea6965a6d2e34049b28aab694f06926', '127.0.0.1', 'test', '', 1);
INSERT INTO `sys_account_log` VALUES (10, 1, 1, 1, '2020-03-11 16:09:04', NULL, NULL, NULL, 'a8a4c8d42572bce4b76084248c7d2438', '127.0.0.1', 'admin', '', 1);
INSERT INTO `sys_account_log` VALUES (11, 1, 1, 2, '2020-05-09 11:01:24', NULL, NULL, NULL, '58aa287f287b38a11c0499403e7bb1fd', '127.0.0.1', 'test', 'PASSWORD EXPIRED', 1);
INSERT INTO `sys_account_log` VALUES (12, 1, 1, 2, '2020-05-09 11:03:03', NULL, NULL, NULL, '93a6b4197b5aa3ae49b05118ad1397e2', '127.0.0.1', 'test', '', 1);
INSERT INTO `sys_account_log` VALUES (13, 1, 1, 1, '2020-05-09 11:08:53', NULL, NULL, NULL, 'b09e32996fff84613922b3000b769789', '127.0.0.1', 'admin', '', 1);
INSERT INTO `sys_account_log` VALUES (14, 1, 1, 2, '2020-05-09 11:20:00', NULL, NULL, NULL, '42659e249e2f7e15349662b434cd0409', '127.0.0.1', 'test', '', 1);
INSERT INTO `sys_account_log` VALUES (15, 1, 1, 1, '2020-05-09 12:31:41', NULL, NULL, NULL, 'cf4e3a2e55e3466ace3c5b8c7138e77e', '127.0.0.1', 'admin', '', 1);
INSERT INTO `sys_account_log` VALUES (16, 1, 1, 2, '2020-05-09 12:32:14', NULL, NULL, NULL, 'b33bd89412484ee50eba48966cc72701', '127.0.0.1', 'test', '', 1);
INSERT INTO `sys_account_log` VALUES (17, 1, 1, 1, '2020-05-14 15:36:00', NULL, NULL, NULL, 'a5b31c038f65ee91c455188b7030bc5c', '127.0.0.1', 'admin', '', 1);
INSERT INTO `sys_account_log` VALUES (18, 1, 1, 1, '2020-05-14 15:48:38', NULL, NULL, NULL, '7d5c8babd43c22be0d9aff30e3cf3b67', '127.0.0.1', 'admin', '', 1);
INSERT INTO `sys_account_log` VALUES (19, 1, 1, 1, '2020-05-16 12:42:06', NULL, NULL, NULL, '91e2071ee0a3a5e5304dfc9fc8535851', '127.0.0.1', 'admin', 'PASSWORD INCORRECT', 1);
INSERT INTO `sys_account_log` VALUES (20, 1, 1, 1, '2020-05-16 12:42:18', NULL, NULL, NULL, 'ad77fc030dc6090e3c403354a0dde3d6', '127.0.0.1', 'admin', '', 1);
INSERT INTO `sys_account_log` VALUES (21, 1, 1, 1, '2020-05-17 13:15:59', NULL, NULL, NULL, '6c408ed26acc2bf4119c6071422291c0', '127.0.0.1', 'admin', '', 1);
INSERT INTO `sys_account_log` VALUES (22, 1, 1, 1, '2020-06-26 13:46:36', NULL, NULL, NULL, '23ddf6ad84fa6b6d41087d3cfe966ced', '127.0.0.1', 'admin', '', 1);
INSERT INTO `sys_account_log` VALUES (23, 1, 1, 1, '2020-07-11 19:23:19', NULL, NULL, NULL, '7b7de0c6fd561cf5d010e66e63869207', '127.0.0.1', 'admin', '', 1);
INSERT INTO `sys_account_log` VALUES (24, 1, 1, 1, '2020-07-11 19:39:28', NULL, NULL, NULL, '4a6ac3d31a59777acc4fec138aa73d51', '127.0.0.1', 'admin', '', 1);
INSERT INTO `sys_account_log` VALUES (25, 1, 1, 2, '2020-07-12 12:47:49', NULL, NULL, NULL, '3249a2af4079015c601e2ee8a92d8d40', '127.0.0.1', 'test', '', 1);
INSERT INTO `sys_account_log` VALUES (26, 1, 1, 1, '2020-07-12 13:53:05', NULL, NULL, NULL, '85387a403cd220937c15adad9bbed1d4', '127.0.0.1', 'admin', '', 1);
INSERT INTO `sys_account_log` VALUES (27, 1, 1, 1, '2020-07-12 14:39:27', NULL, NULL, NULL, '30d12d253d09610612e7cb226bdd0fff', '127.0.0.1', 'admin', '', 1);
INSERT INTO `sys_account_log` VALUES (28, 1, 1, 1, '2020-07-18 12:05:36', NULL, NULL, NULL, '09e1149e9fce2741e0673b339d63fecc', '127.0.0.1', 'admin', '', 1);
INSERT INTO `sys_account_log` VALUES (29, 1, 1, 1, '2020-07-18 15:43:21', NULL, NULL, NULL, '98d4d1d2f47397bee51856460f821753', '127.0.0.1', 'admin', '', 1);
INSERT INTO `sys_account_log` VALUES (30, 1, 1, 1, '2020-07-18 17:23:11', NULL, NULL, NULL, '158f6c7f0d0b66ed38106a83ae9dcd2f', '127.0.0.1', 'admin', '', 1);
INSERT INTO `sys_account_log` VALUES (31, 1, 1, 1, '2020-07-18 19:08:47', NULL, NULL, NULL, '9bf62f74dce3db9dd0738bec3458e70b', '127.0.0.1', 'admin', '', 1);
INSERT INTO `sys_account_log` VALUES (32, 1, 1, 1, '2020-07-19 10:12:04', NULL, NULL, NULL, '8cb0f7d0c4215ca6af5b69499b9eaa57', '127.0.0.1', 'admin', '', 1);
INSERT INTO `sys_account_log` VALUES (33, 1, 1, 1, '2020-07-19 12:01:36', NULL, NULL, NULL, 'e34f865689a16c3c515244d6f72204a5', '127.0.0.1', 'admin', '', 1);
INSERT INTO `sys_account_log` VALUES (34, 1, 1, 1, '2020-07-19 15:08:53', NULL, NULL, NULL, '4829b8bdc62215419079602c888ea272', '127.0.0.1', 'admin', '', 1);
COMMIT;

-- ----------------------------
-- Table structure for sys_account_role
-- ----------------------------
DROP TABLE IF EXISTS `sys_account_role`;
CREATE TABLE `sys_account_role` (
  `account_id` int(11) NOT NULL COMMENT '帐号主键',
  `role_id` int(11) NOT NULL COMMENT '角色主键',
  KEY `SYS_ACCOUNT_ROLE_IX1` (`account_id`),
  KEY `SYS_ACCOUNT_ROLE_IX2` (`role_id`),
  CONSTRAINT `SYS_ACCOUNT_ROLE_FK1` FOREIGN KEY (`account_id`) REFERENCES `sys_account` (`id`) ON DELETE CASCADE ON UPDATE NO ACTION,
  CONSTRAINT `SYS_ACCOUNT_ROLE_FK2` FOREIGN KEY (`role_id`) REFERENCES `sys_role` (`id`) ON DELETE CASCADE ON UPDATE NO ACTION
) ENGINE=InnoDB DEFAULT CHARSET=utf8 COMMENT='帐号角色表';

-- ----------------------------
-- Records of sys_account_role
-- ----------------------------
BEGIN;
INSERT INTO `sys_account_role` VALUES (1, 1);
INSERT INTO `sys_account_role` VALUES (2, 2);
COMMIT;

-- ----------------------------
-- Table structure for sys_dictionary
-- ----------------------------
DROP TABLE IF EXISTS `sys_dictionary`;
CREATE TABLE `sys_dictionary` (
  `id` int(11) NOT NULL AUTO_INCREMENT COMMENT '主键',
  `enabled` tinyint(1) NOT NULL DEFAULT '1' COMMENT '是否启用 : 0:否;1:是',
  `create_org` int(11) NOT NULL COMMENT '创建组织',
  `create_user` int(11) NOT NULL COMMENT '创建人',
  `create_time` datetime NOT NULL DEFAULT CURRENT_TIMESTAMP COMMENT '创建时间',
  `modify_org` int(11) DEFAULT NULL COMMENT '修改组织',
  `modify_user` int(11) DEFAULT NULL COMMENT '修改人',
  `modify_time` datetime DEFAULT NULL COMMENT '修改时间',
  `access_code` char(32) DEFAULT NULL COMMENT '更新验证码',
  `name` varchar(50) NOT NULL COMMENT '名称',
  `code` varchar(50) NOT NULL COMMENT '编码',
  `content` varchar(600) DEFAULT NULL COMMENT '内容',
  `parent_id` int(11) NOT NULL COMMENT '父级ID',
  `leaf` tinyint(1) NOT NULL COMMENT '叶子节点 : (0:否,1:是)',
  `sort` int(11) DEFAULT NULL COMMENT '排序',
  PRIMARY KEY (`id`)
) ENGINE=InnoDB AUTO_INCREMENT=8 DEFAULT CHARSET=utf8 COMMENT='数据字典';

-- ----------------------------
-- Records of sys_dictionary
-- ----------------------------
BEGIN;
INSERT INTO `sys_dictionary` VALUES (1, 1, 1, 1, '2020-01-21 06:25:53', NULL, 1, '2020-01-22 12:48:30', 'd2ce28b9a7fd7e4407e2b0fd499b7fe4', '性别', 'GENDER', NULL, 0, 0, 1);
INSERT INTO `sys_dictionary` VALUES (2, 1, 1, 1, '2020-01-21 06:25:53', NULL, NULL, NULL, '00000000000000000000000000000000', '男', 'GENDER_MAN', '1', 1, 1, 1);
INSERT INTO `sys_dictionary` VALUES (3, 1, 1, 1, '2020-01-21 06:25:53', NULL, NULL, NULL, '00000000000000000000000000000000', '女', 'GENDER_WOMAN', '2', 1, 1, 1);
INSERT INTO `sys_dictionary` VALUES (5, 1, 1, 1, '2020-01-22 13:00:15', NULL, NULL, NULL, '99914b932bd37a50b983c5e7c90ae93b', '民族', '4a945b60', NULL, 0, 0, 2);
INSERT INTO `sys_dictionary` VALUES (6, 1, 1, 1, '2020-01-22 13:00:15', NULL, NULL, NULL, '99914b932bd37a50b983c5e7c90ae93b', '汉族', '7e3a0f86', 'han', 5, 1, 1);
INSERT INTO `sys_dictionary` VALUES (7, 1, 1, 1, '2020-01-22 13:00:15', NULL, NULL, NULL, '99914b932bd37a50b983c5e7c90ae93b', '满族', '29ec6451', 'man', 5, 1, 2);
COMMIT;

-- ----------------------------
-- Table structure for sys_finder
-- ----------------------------
DROP TABLE IF EXISTS `sys_finder`;
CREATE TABLE `sys_finder` (
  `id` int(11) NOT NULL AUTO_INCREMENT COMMENT '主键',
  `enabled` tinyint(1) NOT NULL DEFAULT '1' COMMENT '是否启用 : 0:否;1:是',
  `create_org` int(11) NOT NULL COMMENT '创建组织',
  `create_user` int(11) NOT NULL COMMENT '创建人',
  `create_time` datetime NOT NULL DEFAULT CURRENT_TIMESTAMP COMMENT '创建时间',
  `modify_org` int(11) DEFAULT NULL COMMENT '修改组织',
  `modify_user` int(11) DEFAULT NULL COMMENT '修改人',
  `modify_time` datetime DEFAULT NULL COMMENT '修改时间',
  `access_code` char(32) DEFAULT NULL COMMENT '更新验证码',
  `mapping_name` varchar(50) NOT NULL COMMENT '映射编码',
  `mapping_id` int(11) NOT NULL COMMENT '映射ID',
  `media_type` varchar(50) DEFAULT NULL COMMENT '媒体类型',
  `full_name` varchar(100) NOT NULL COMMENT '资源全名 : 资源全名（文件名+后缀）',
  `size` int(11) NOT NULL COMMENT '资源尺寸 : 资源尺寸',
  `file_id` varchar(200) NOT NULL COMMENT '资源标记 : 资源标记',
  `parent_id` int(11) DEFAULT NULL COMMENT '父级ID',
  PRIMARY KEY (`id`)
) ENGINE=InnoDB AUTO_INCREMENT=13 DEFAULT CHARSET=utf8 COMMENT='资源管理器';

-- ----------------------------
-- Records of sys_finder
-- ----------------------------
BEGIN;
INSERT INTO `sys_finder` VALUES (2, 1, 1, 2, '2020-02-06 13:09:05', NULL, NULL, NULL, '99914b932bd37a50b983c5e7c90ae93b', 'NONE1', 1, 'image/png', '头像.png', 574161, '6176617461722F323032302D30322F33626662396533626639653662333334', 0);
INSERT INTO `sys_finder` VALUES (4, 1, 1, 2, '2020-02-11 15:16:21', NULL, NULL, NULL, '99914b932bd37a50b983c5e7c90ae93b', 'NONE1', 1, 'application/pdf', 'guice.pdf', 192635, '6176617461722F323032302D30322F35653735616435353930313235366131', 0);
INSERT INTO `sys_finder` VALUES (5, 1, 1, 2, '2020-02-13 12:15:40', NULL, NULL, NULL, '99914b932bd37a50b983c5e7c90ae93b', 'NONE1', 1, 'image/jpeg', '产品1.jpeg', 1300241, '6176617461722F323032302D30322F63366436623737646533653538616166', 0);
INSERT INTO `sys_finder` VALUES (6, 1, 1, 2, '2020-02-13 12:15:40', NULL, NULL, NULL, '99914b932bd37a50b983c5e7c90ae93b', 'NONE1', 1, 'image/jpeg', 'WechatIMG107.jpeg', 1418043, '6176617461722F323032302D30322F39363038393030376564663631396137', 0);
INSERT INTO `sys_finder` VALUES (7, 1, 1, 2, '2020-02-13 12:15:40', NULL, NULL, NULL, '99914b932bd37a50b983c5e7c90ae93b', 'NONE1', 1, 'image/jpeg', 'a.jpg', 8945554, '6176617461722F323032302D30322F35333239646430336166336137333438', 0);
INSERT INTO `sys_finder` VALUES (8, 1, 1, 2, '2020-02-13 12:15:40', NULL, NULL, NULL, '99914b932bd37a50b983c5e7c90ae93b', 'NONE1', 1, 'image/jpeg', '礼盒1.jpeg', 1811907, '6176617461722F323032302D30322F33393436383265323336633034376165', 0);
INSERT INTO `sys_finder` VALUES (9, 1, 1, 2, '2020-02-13 12:15:40', NULL, NULL, NULL, '99914b932bd37a50b983c5e7c90ae93b', 'NONE1', 1, 'image/jpeg', '礼盒2.jpeg', 2167868, '6176617461722F323032302D30322F61313134636666666337393733333130', 0);
INSERT INTO `sys_finder` VALUES (10, 1, 1, 2, '2020-02-13 12:15:40', NULL, NULL, NULL, '99914b932bd37a50b983c5e7c90ae93b', 'NONE1', 1, 'image/jpeg', '礼盒', 13839743, '6176617461722F323032302D30322F66643938326261663134386162633735', 0);
INSERT INTO `sys_finder` VALUES (12, 1, 1, 2, '2020-05-09 11:43:15', NULL, NULL, NULL, '99914b932bd37a50b983c5e7c90ae93b', 'NONE1', 1, 'image/jpeg', 'jerry.jpg', 139538, '323032302D30355F30395F3139366263353030333132653763653036613631366165303261386335373838', 0);
COMMIT;

-- ----------------------------
-- Table structure for sys_organization
-- ----------------------------
DROP TABLE IF EXISTS `sys_organization`;
CREATE TABLE `sys_organization` (
  `id` int(11) NOT NULL AUTO_INCREMENT COMMENT '主键',
  `enabled` tinyint(1) NOT NULL DEFAULT '1' COMMENT '是否启用 : 0:否;1:是',
  `create_org` int(11) NOT NULL COMMENT '创建组织',
  `create_user` int(11) NOT NULL COMMENT '创建人',
  `create_time` datetime NOT NULL DEFAULT CURRENT_TIMESTAMP COMMENT '创建时间',
  `modify_org` int(11) DEFAULT NULL COMMENT '修改组织',
  `modify_user` int(11) DEFAULT NULL COMMENT '修改人',
  `modify_time` datetime DEFAULT NULL COMMENT '修改时间',
  `access_code` char(32) DEFAULT NULL COMMENT '更新验证码',
  `name` varchar(50) NOT NULL COMMENT '名称',
  `parent_id` int(11) NOT NULL COMMENT '父级ID',
  `leaf` tinyint(1) NOT NULL COMMENT '叶子节点 : (0:否,1:是)',
  `sort` int(11) NOT NULL COMMENT '排序',
  `type` int(1) NOT NULL COMMENT '组织类型 : 0:系统;1:平台;2:公司企业;3:子公司企业;4:部门',
  `inner_data` tinyint(1) NOT NULL DEFAULT '0' COMMENT '内部数据 : 0:否;1:是',
  PRIMARY KEY (`id`),
  UNIQUE KEY `name` (`name`)
) ENGINE=InnoDB AUTO_INCREMENT=2 DEFAULT CHARSET=utf8 COMMENT='组织结构表';

-- ----------------------------
-- Records of sys_organization
-- ----------------------------
BEGIN;
INSERT INTO `sys_organization` VALUES (1, 1, 0, 1, '2020-01-21 06:03:25', NULL, NULL, NULL, '00000000000000000000000000000000', '系统机构', 0, 0, 1, 0, 1);
COMMIT;

-- ----------------------------
-- Table structure for sys_organization_role
-- ----------------------------
DROP TABLE IF EXISTS `sys_organization_role`;
CREATE TABLE `sys_organization_role` (
  `org_id` int(11) NOT NULL COMMENT '组织主键',
  `role_id` int(11) NOT NULL COMMENT '角色主键',
  KEY `SYS_ORGANIZATION_ROLE_IX1` (`org_id`),
  KEY `SYS_ORGANIZATION_ROLE_IX2` (`role_id`),
  CONSTRAINT `SYS_ORGANIZATION_ROLE_FK1` FOREIGN KEY (`org_id`) REFERENCES `sys_organization` (`id`) ON DELETE CASCADE ON UPDATE NO ACTION,
  CONSTRAINT `SYS_ORGANIZATION_ROLE_FK2` FOREIGN KEY (`role_id`) REFERENCES `sys_role` (`id`) ON DELETE CASCADE ON UPDATE NO ACTION
) ENGINE=InnoDB DEFAULT CHARSET=utf8 COMMENT='组织角色表';

-- ----------------------------
-- Records of sys_organization_role
-- ----------------------------
BEGIN;
INSERT INTO `sys_organization_role` VALUES (1, 1);
COMMIT;

-- ----------------------------
-- Table structure for sys_resource
-- ----------------------------
DROP TABLE IF EXISTS `sys_resource`;
CREATE TABLE `sys_resource` (
  `id` int(11) NOT NULL AUTO_INCREMENT COMMENT '主键',
  `enabled` tinyint(1) NOT NULL DEFAULT '1' COMMENT '是否启用 : 0:否;1:是',
  `create_org` int(11) NOT NULL COMMENT '创建组织',
  `create_user` int(11) NOT NULL COMMENT '创建人',
  `create_time` datetime NOT NULL DEFAULT CURRENT_TIMESTAMP COMMENT '创建时间',
  `modify_org` int(11) DEFAULT NULL COMMENT '修改组织',
  `modify_user` int(11) DEFAULT NULL COMMENT '修改人',
  `modify_time` datetime DEFAULT NULL COMMENT '修改时间',
  `access_code` char(32) DEFAULT NULL COMMENT '更新验证码',
  `name` varchar(50) NOT NULL COMMENT '名称',
  `parent_id` int(11) NOT NULL DEFAULT '0' COMMENT '父级ID',
  `leaf` tinyint(1) NOT NULL DEFAULT '0' COMMENT '叶子节点 : (0:否,1:是)',
  `icon` varchar(50) DEFAULT NULL COMMENT '图标',
  `sort` int(11) NOT NULL DEFAULT '0' COMMENT '排序',
  `target` varchar(20) DEFAULT NULL COMMENT '接口名',
  `path` varchar(100) DEFAULT NULL COMMENT '路径',
  `platform` int(1) NOT NULL COMMENT '所属平台',
  `inner_data` tinyint(1) NOT NULL DEFAULT '0' COMMENT '内部数据 : 0:否;1:是',
  PRIMARY KEY (`id`),
  UNIQUE KEY `target` (`target`)
) ENGINE=InnoDB AUTO_INCREMENT=13 DEFAULT CHARSET=utf8 COMMENT='资源表';

-- ----------------------------
-- Records of sys_resource
-- ----------------------------
BEGIN;
INSERT INTO `sys_resource` VALUES (1, 1, 1, 1, '2020-01-21 06:03:24', NULL, NULL, NULL, '00000000000000000000000000000000', '系统设置', 0, 0, 'mdi-cogs', 1, NULL, NULL, 1, 1);
INSERT INTO `sys_resource` VALUES (2, 1, 1, 1, '2020-01-21 06:03:24', NULL, NULL, NULL, '00000000000000000000000000000000', '组织结构', 1, 1, 'fa fa-sitemap', 1, 'organization', 'application/organization', 1, 1);
INSERT INTO `sys_resource` VALUES (3, 1, 1, 1, '2020-01-21 06:03:24', NULL, NULL, NULL, '00000000000000000000000000000000', '角色权限', 1, 1, 'fa fa-gavel', 2, 'role', 'application/role', 1, 1);
INSERT INTO `sys_resource` VALUES (4, 1, 1, 1, '2020-01-21 06:03:24', NULL, NULL, NULL, '00000000000000000000000000000000', '资源管理', 1, 1, 'fa fa-life-ring', 3, 'resource', 'application/resource', 1, 1);
INSERT INTO `sys_resource` VALUES (5, 1, 1, 1, '2020-01-21 06:03:24', NULL, NULL, NULL, '00000000000000000000000000000000', '帐号管理', 1, 1, 'fa fa-users', 4, 'account', 'application/account', 1, 1);
INSERT INTO `sys_resource` VALUES (6, 1, 1, 1, '2020-01-21 06:03:24', NULL, NULL, NULL, '00000000000000000000000000000000', '数据字典', 1, 1, 'fa fa-code-fork', 5, 'dictionary', 'application/dictionary', 1, 1);
INSERT INTO `sys_resource` VALUES (7, 1, 1, 1, '2020-02-05 13:30:07', NULL, NULL, NULL, '99914b932bd37a50b983c5e7c90ae93b', '示例', 0, 0, 'fa fa-info-circle', 2, NULL, NULL, 1, 0);
INSERT INTO `sys_resource` VALUES (8, 1, 1, 1, '2020-02-05 13:37:15', NULL, 1, '2020-05-09 11:12:18', '1fc83a09a651f5bf02e3e01064becce9', '演示', 7, 1, 'fa fa-cubes', 1, 'testDemo', 'example/demo', 1, 0);
INSERT INTO `sys_resource` VALUES (9, 1, 1, 1, '2020-02-14 15:01:41', NULL, 1, '2020-05-09 11:14:38', 'bef7391f6d4a72330b33446d4140f300', '说明', 7, 1, 'fa fa-question', 4, 'testExplain', 'example/explain', 1, 0);
INSERT INTO `sys_resource` VALUES (10, 1, 1, 1, '2020-02-29 13:50:28', NULL, 1, '2020-07-12 13:57:16', 'db2883d5f032d326e56b7f4d896e51e9', 'test', 7, 1, 'fa fa-address-book-o', 5, 'testExample', '/example/test', 1, 0);
INSERT INTO `sys_resource` VALUES (12, 1, 1, 1, '2020-05-09 11:12:02', NULL, 1, '2020-05-09 11:12:55', '7febacd6f4adac1fefa28d1d941096d0', '文件管理器', 7, 1, 'fa fa-folder', 2, 'testFinder', 'example/finder', 1, 0);
COMMIT;

-- ----------------------------
-- Table structure for sys_resource_perm
-- ----------------------------
DROP TABLE IF EXISTS `sys_resource_perm`;
CREATE TABLE `sys_resource_perm` (
  `id` int(11) NOT NULL AUTO_INCREMENT COMMENT '主键',
  `resource_id` int(11) NOT NULL COMMENT '资源主键',
  `enabled` tinyint(1) NOT NULL DEFAULT '1' COMMENT '是否启用 : 0:否;1:是',
  `create_org` int(11) NOT NULL COMMENT '创建组织',
  `create_user` int(11) NOT NULL COMMENT '创建人',
  `create_time` datetime NOT NULL DEFAULT CURRENT_TIMESTAMP COMMENT '创建时间',
  `modify_org` int(11) DEFAULT NULL COMMENT '修改组织',
  `modify_user` int(11) DEFAULT NULL COMMENT '修改人',
  `modify_time` datetime DEFAULT NULL COMMENT '修改时间',
  `access_code` char(32) DEFAULT NULL COMMENT '更新验证码',
  `name` varchar(50) NOT NULL COMMENT '名称',
  `method` varchar(20) NOT NULL COMMENT '方法',
  `remarks` varchar(600) DEFAULT NULL COMMENT '备注',
  `inner_data` tinyint(1) NOT NULL DEFAULT '0' COMMENT '内部数据 : 0:否;1:是',
  PRIMARY KEY (`id`),
  UNIQUE KEY `resource_id` (`resource_id`,`method`),
  KEY `SYS_RESOURCE_PERM_IX1` (`resource_id`),
  CONSTRAINT `SYS_RESROUCE_PERM_FK` FOREIGN KEY (`resource_id`) REFERENCES `sys_resource` (`id`) ON DELETE CASCADE ON UPDATE NO ACTION
) ENGINE=InnoDB AUTO_INCREMENT=37 DEFAULT CHARSET=utf8 COMMENT='资源权限表';

-- ----------------------------
-- Records of sys_resource_perm
-- ----------------------------
BEGIN;
INSERT INTO `sys_resource_perm` VALUES (1, 2, 1, 1, 1, '2020-01-21 06:03:24', NULL, NULL, NULL, '00000000000000000000000000000000', '列表', 'list', '组织结构:列表', 1);
INSERT INTO `sys_resource_perm` VALUES (2, 2, 1, 1, 1, '2020-01-21 06:03:24', NULL, NULL, NULL, '00000000000000000000000000000000', '详细', 'detail', '组织结构:详细', 1);
INSERT INTO `sys_resource_perm` VALUES (3, 2, 1, 1, 1, '2020-01-21 06:03:24', NULL, NULL, NULL, '00000000000000000000000000000000', '创建', 'create', '组织结构:创建', 1);
INSERT INTO `sys_resource_perm` VALUES (4, 2, 1, 1, 1, '2020-01-21 06:03:24', NULL, NULL, NULL, '00000000000000000000000000000000', '修改', 'modify', '组织结构:修改', 1);
INSERT INTO `sys_resource_perm` VALUES (5, 2, 1, 1, 1, '2020-01-21 06:03:24', NULL, NULL, NULL, '00000000000000000000000000000000', '删除', 'remove', '组织结构:删除', 1);
INSERT INTO `sys_resource_perm` VALUES (6, 3, 1, 1, 1, '2020-01-21 06:03:24', NULL, NULL, NULL, '00000000000000000000000000000000', '列表', 'list', '角色权限:列表', 1);
INSERT INTO `sys_resource_perm` VALUES (7, 3, 1, 1, 1, '2020-01-21 06:03:24', NULL, NULL, NULL, '00000000000000000000000000000000', '详细', 'detail', '角色权限:详细', 1);
INSERT INTO `sys_resource_perm` VALUES (8, 3, 1, 1, 1, '2020-01-21 06:03:24', NULL, NULL, NULL, '00000000000000000000000000000000', '创建', 'create', '角色权限:创建', 1);
INSERT INTO `sys_resource_perm` VALUES (9, 3, 1, 1, 1, '2020-01-21 06:03:24', NULL, NULL, NULL, '00000000000000000000000000000000', '修改', 'modify', '角色权限:修改', 1);
INSERT INTO `sys_resource_perm` VALUES (10, 3, 1, 1, 1, '2020-01-21 06:03:24', NULL, NULL, NULL, '00000000000000000000000000000000', '删除', 'remove', '角色权限:删除', 1);
INSERT INTO `sys_resource_perm` VALUES (11, 3, 1, 1, 1, '2020-01-21 06:03:24', NULL, NULL, NULL, '00000000000000000000000000000000', '列出权限', 'listPerm', '角色权限:列出权限', 1);
INSERT INTO `sys_resource_perm` VALUES (12, 3, 1, 1, 1, '2020-01-21 06:03:24', NULL, NULL, NULL, '00000000000000000000000000000000', '关联权限', 'referencesPerm', '角色权限:关联权限', 1);
INSERT INTO `sys_resource_perm` VALUES (13, 4, 1, 1, 1, '2020-01-21 06:03:24', NULL, NULL, NULL, '00000000000000000000000000000000', '列表', 'list', '资源管理:列表', 1);
INSERT INTO `sys_resource_perm` VALUES (14, 4, 1, 1, 1, '2020-01-21 06:03:24', NULL, NULL, NULL, '00000000000000000000000000000000', '详细', 'detail', '资源管理:详细', 1);
INSERT INTO `sys_resource_perm` VALUES (15, 4, 1, 1, 1, '2020-01-21 06:03:24', NULL, NULL, NULL, '00000000000000000000000000000000', '创建', 'create', '资源管理:创建', 1);
INSERT INTO `sys_resource_perm` VALUES (16, 4, 1, 1, 1, '2020-01-21 06:03:24', NULL, NULL, NULL, '00000000000000000000000000000000', '修改', 'modify', '资源管理:修改', 1);
INSERT INTO `sys_resource_perm` VALUES (17, 4, 1, 1, 1, '2020-01-21 06:03:24', NULL, NULL, NULL, '00000000000000000000000000000000', '删除', 'remove', '资源管理:删除', 1);
INSERT INTO `sys_resource_perm` VALUES (18, 4, 1, 1, 1, '2020-01-21 06:03:24', NULL, NULL, NULL, '00000000000000000000000000000000', '修改权限', 'modifyPerm', '资源管理:修改权限', 1);
INSERT INTO `sys_resource_perm` VALUES (19, 5, 1, 1, 1, '2020-01-21 06:03:24', NULL, NULL, NULL, '00000000000000000000000000000000', '列表', 'list', '帐号管理:列表', 1);
INSERT INTO `sys_resource_perm` VALUES (20, 5, 1, 1, 1, '2020-01-21 06:03:24', NULL, NULL, NULL, '00000000000000000000000000000000', '详细', 'detail', '帐号管理:详细', 1);
INSERT INTO `sys_resource_perm` VALUES (21, 5, 1, 1, 1, '2020-01-21 06:03:24', NULL, NULL, NULL, '00000000000000000000000000000000', '创建', 'create', '帐号管理:创建', 1);
INSERT INTO `sys_resource_perm` VALUES (22, 5, 1, 1, 1, '2020-01-21 06:03:24', NULL, NULL, NULL, '00000000000000000000000000000000', '修改', 'modify', '帐号管理:修改', 1);
INSERT INTO `sys_resource_perm` VALUES (23, 5, 1, 1, 1, '2020-01-21 06:03:24', NULL, NULL, NULL, '00000000000000000000000000000000', '删除', 'remove', '帐号管理:删除', 1);
INSERT INTO `sys_resource_perm` VALUES (24, 5, 1, 1, 1, '2020-01-21 06:03:24', NULL, NULL, NULL, '00000000000000000000000000000000', '重置密码', 'resetPassword', '帐号管理:重置密码', 1);
INSERT INTO `sys_resource_perm` VALUES (25, 5, 1, 1, 1, '2020-01-21 06:03:24', NULL, NULL, NULL, '00000000000000000000000000000000', '强制下线', 'forceOffline', '帐号管理:强制下线', 1);
INSERT INTO `sys_resource_perm` VALUES (26, 6, 1, 1, 1, '2020-01-21 06:03:24', NULL, NULL, NULL, '00000000000000000000000000000000', '列表', 'list', '数据字典:列表', 1);
INSERT INTO `sys_resource_perm` VALUES (27, 6, 1, 1, 1, '2020-01-21 06:03:24', NULL, NULL, NULL, '00000000000000000000000000000000', '详细', 'detail', '数据字典:详细', 1);
INSERT INTO `sys_resource_perm` VALUES (28, 6, 1, 1, 1, '2020-01-21 06:03:24', NULL, NULL, NULL, '00000000000000000000000000000000', '创建', 'create', '数据字典:创建', 1);
INSERT INTO `sys_resource_perm` VALUES (29, 6, 1, 1, 1, '2020-01-21 06:03:24', NULL, NULL, NULL, '00000000000000000000000000000000', '修改', 'modify', '数据字典:修改', 1);
INSERT INTO `sys_resource_perm` VALUES (30, 6, 1, 1, 1, '2020-01-21 06:03:24', NULL, NULL, NULL, '00000000000000000000000000000000', '修改字典项', 'modifyItem', '数据字典:修改字典项', 1);
INSERT INTO `sys_resource_perm` VALUES (31, 8, 1, 1, 1, '2020-02-05 13:37:15', NULL, NULL, NULL, '99914b932bd37a50b983c5e7c90ae93b', '更新', 'modify', '文件管理器：更新', 0);
INSERT INTO `sys_resource_perm` VALUES (32, 9, 1, 1, 1, '2020-02-14 15:02:44', NULL, NULL, NULL, '99914b932bd37a50b983c5e7c90ae93b', '展示', 'view', NULL, 0);
INSERT INTO `sys_resource_perm` VALUES (33, 10, 1, 1, 1, '2020-03-10 14:34:25', NULL, NULL, NULL, '99914b932bd37a50b983c5e7c90ae93b', 'list', 'list', NULL, 0);
INSERT INTO `sys_resource_perm` VALUES (34, 10, 1, 1, 1, '2020-03-10 14:34:25', NULL, NULL, NULL, '99914b932bd37a50b983c5e7c90ae93b', 'create', 'create', NULL, 0);
INSERT INTO `sys_resource_perm` VALUES (35, 12, 1, 1, 1, '2020-05-09 11:12:55', NULL, NULL, NULL, '99914b932bd37a50b983c5e7c90ae93b', '展示', 'view', NULL, 0);
INSERT INTO `sys_resource_perm` VALUES (36, 1, 1, 1, 1, '2020-05-09 11:14:27', NULL, NULL, NULL, '99914b932bd37a50b983c5e7c90ae93b', '展示', 'view', NULL, 0);
COMMIT;

-- ----------------------------
-- Table structure for sys_role
-- ----------------------------
DROP TABLE IF EXISTS `sys_role`;
CREATE TABLE `sys_role` (
  `id` int(11) NOT NULL AUTO_INCREMENT COMMENT '主键',
  `enabled` tinyint(1) NOT NULL DEFAULT '1' COMMENT '是否启用 : 0:否;1:是',
  `create_org` int(11) NOT NULL COMMENT '创建组织',
  `create_user` int(11) NOT NULL COMMENT '创建人',
  `create_time` datetime NOT NULL DEFAULT CURRENT_TIMESTAMP COMMENT '创建时间',
  `modify_org` int(11) DEFAULT NULL COMMENT '修改组织',
  `modify_user` int(11) DEFAULT NULL COMMENT '修改人',
  `modify_time` datetime DEFAULT NULL COMMENT '修改时间',
  `access_code` char(32) DEFAULT NULL COMMENT '更新验证码',
  `name` varchar(50) NOT NULL COMMENT '名称',
  `code` varchar(50) NOT NULL COMMENT '编码',
  `remarks` varchar(600) DEFAULT NULL COMMENT '备注',
  `inner_data` tinyint(1) NOT NULL DEFAULT '0' COMMENT '内部数据 : 0:否;1:是',
  PRIMARY KEY (`id`),
  UNIQUE KEY `code` (`code`)
) ENGINE=InnoDB AUTO_INCREMENT=3 DEFAULT CHARSET=utf8 COMMENT='角色表';

-- ----------------------------
-- Records of sys_role
-- ----------------------------
BEGIN;
INSERT INTO `sys_role` VALUES (1, 1, 1, 1, '2020-01-21 06:03:24', NULL, NULL, NULL, '00000000000000000000000000000000', '超级管理员', 'SUPER_ADMIN', '拥有系统所有权限', 1);
INSERT INTO `sys_role` VALUES (2, 1, 1, 1, '2020-02-05 13:37:37', NULL, NULL, NULL, '99914b932bd37a50b983c5e7c90ae93b', '示例', '728f9dd0', NULL, 0);
COMMIT;

-- ----------------------------
-- Table structure for sys_role_perm
-- ----------------------------
DROP TABLE IF EXISTS `sys_role_perm`;
CREATE TABLE `sys_role_perm` (
  `role_id` int(11) NOT NULL COMMENT '角色主键',
  `resource_perm_id` int(11) NOT NULL COMMENT '资源权限主键',
  KEY `SYS_ROLE_PERM_IX1` (`role_id`),
  KEY `SYS_ROLE_PERM_IX2` (`resource_perm_id`),
  CONSTRAINT `SYS_ROLE_PERM_FK1` FOREIGN KEY (`role_id`) REFERENCES `sys_role` (`id`) ON DELETE CASCADE ON UPDATE NO ACTION,
  CONSTRAINT `SYS_ROLE_PERM_FK2` FOREIGN KEY (`resource_perm_id`) REFERENCES `sys_resource_perm` (`id`) ON DELETE CASCADE ON UPDATE NO ACTION
) ENGINE=InnoDB DEFAULT CHARSET=utf8 COMMENT='角色资源权限表';

-- ----------------------------
-- Records of sys_role_perm
-- ----------------------------
BEGIN;
INSERT INTO `sys_role_perm` VALUES (1, 1);
INSERT INTO `sys_role_perm` VALUES (1, 2);
INSERT INTO `sys_role_perm` VALUES (1, 3);
INSERT INTO `sys_role_perm` VALUES (1, 4);
INSERT INTO `sys_role_perm` VALUES (1, 5);
INSERT INTO `sys_role_perm` VALUES (1, 6);
INSERT INTO `sys_role_perm` VALUES (1, 7);
INSERT INTO `sys_role_perm` VALUES (1, 8);
INSERT INTO `sys_role_perm` VALUES (1, 9);
INSERT INTO `sys_role_perm` VALUES (1, 10);
INSERT INTO `sys_role_perm` VALUES (1, 11);
INSERT INTO `sys_role_perm` VALUES (1, 12);
INSERT INTO `sys_role_perm` VALUES (1, 13);
INSERT INTO `sys_role_perm` VALUES (1, 14);
INSERT INTO `sys_role_perm` VALUES (1, 15);
INSERT INTO `sys_role_perm` VALUES (1, 16);
INSERT INTO `sys_role_perm` VALUES (1, 17);
INSERT INTO `sys_role_perm` VALUES (1, 18);
INSERT INTO `sys_role_perm` VALUES (1, 19);
INSERT INTO `sys_role_perm` VALUES (1, 20);
INSERT INTO `sys_role_perm` VALUES (1, 21);
INSERT INTO `sys_role_perm` VALUES (1, 22);
INSERT INTO `sys_role_perm` VALUES (1, 23);
INSERT INTO `sys_role_perm` VALUES (1, 24);
INSERT INTO `sys_role_perm` VALUES (1, 25);
INSERT INTO `sys_role_perm` VALUES (1, 26);
INSERT INTO `sys_role_perm` VALUES (1, 27);
INSERT INTO `sys_role_perm` VALUES (1, 28);
INSERT INTO `sys_role_perm` VALUES (1, 29);
INSERT INTO `sys_role_perm` VALUES (1, 30);
INSERT INTO `sys_role_perm` VALUES (2, 31);
INSERT INTO `sys_role_perm` VALUES (2, 32);
INSERT INTO `sys_role_perm` VALUES (2, 35);
COMMIT;

-- ----------------------------
-- Table structure for sys_session
-- ----------------------------
DROP TABLE IF EXISTS `sys_session`;
CREATE TABLE `sys_session` (
  `PRIMARY_ID` char(36) NOT NULL COMMENT 'PRIMARY_ID',
  `SESSION_ID` char(36) NOT NULL COMMENT 'SESSION_ID',
  `CREATION_TIME` bigint(20) NOT NULL COMMENT 'CREATION_TIME',
  `LAST_ACCESS_TIME` bigint(20) NOT NULL COMMENT 'LAST_ACCESS_TIME',
  `MAX_INACTIVE_INTERVAL` int(11) NOT NULL COMMENT 'MAX_INACTIVE_INTERVAL',
  `EXPIRY_TIME` bigint(20) NOT NULL COMMENT 'EXPIRY_TIME',
  `PRINCIPAL_NAME` varchar(100) DEFAULT NULL COMMENT 'PRINCIPAL_NAME',
  PRIMARY KEY (`PRIMARY_ID`),
  UNIQUE KEY `SYS_SESSION_IX1` (`SESSION_ID`),
  KEY `SYS_SESSION_IX2` (`EXPIRY_TIME`),
  KEY `SYS_SESSION_IX3` (`PRINCIPAL_NAME`)
) ENGINE=InnoDB DEFAULT CHARSET=utf8 COMMENT='sys_session';

-- ----------------------------
-- Records of sys_session
-- ----------------------------
BEGIN;
INSERT INTO `sys_session` VALUES ('9cd6cb3d-3050-4e94-8b0e-16ebf61736db', '6adeada7-fd4c-4d39-a876-e786c57af10c', 1595142527689, 1595151878953, 1800, 1595153678953, 'admin');
COMMIT;

-- ----------------------------
-- Table structure for sys_session_attributes
-- ----------------------------
DROP TABLE IF EXISTS `sys_session_attributes`;
CREATE TABLE `sys_session_attributes` (
  `SESSION_PRIMARY_ID` char(36) NOT NULL COMMENT 'SESSION_PRIMARY_ID',
  `ATTRIBUTE_NAME` varchar(200) NOT NULL COMMENT 'ATTRIBUTE_NAME',
  `ATTRIBUTE_BYTES` blob NOT NULL COMMENT 'ATTRIBUTE_BYTES',
  PRIMARY KEY (`SESSION_PRIMARY_ID`,`ATTRIBUTE_NAME`),
  CONSTRAINT `SYS_SESSION_ATTRIBUTES_FK` FOREIGN KEY (`SESSION_PRIMARY_ID`) REFERENCES `sys_session` (`PRIMARY_ID`) ON DELETE CASCADE ON UPDATE NO ACTION
) ENGINE=InnoDB DEFAULT CHARSET=utf8 COMMENT='sys_session_attributes';

-- ----------------------------
-- Records of sys_session_attributes
-- ----------------------------
BEGIN;
INSERT INTO `sys_session_attributes` VALUES ('9cd6cb3d-3050-4e94-8b0e-16ebf61736db', 'org.apache.shiro.subject.support.DefaultSubjectContext_AUTHENTICATED_SESSION_KEY', 0xACED0005737200116A6176612E6C616E672E426F6F6C65616ECD207280D59CFAEE0200015A000576616C7565787001);
INSERT INTO `sys_session_attributes` VALUES ('9cd6cb3d-3050-4e94-8b0e-16ebf61736db', 'org.apache.shiro.subject.support.DefaultSubjectContext_PRINCIPALS_SESSION_KEY', 0xACED0005737200326F72672E6170616368652E736869726F2E7375626A6563742E53696D706C655072696E636970616C436F6C6C656374696F6EA87F5825C6A3084A0300014C000F7265616C6D5072696E636970616C7374000F4C6A6176612F7574696C2F4D61703B7870737200176A6176612E7574696C2E4C696E6B6564486173684D617034C04E5C106CC0FB0200015A000B6163636573734F72646572787200116A6176612E7574696C2E486173684D61700507DAC1C31660D103000246000A6C6F6164466163746F724900097468726573686F6C6478703F4000000000000C7708000000100000000174002B636F6D2E6A657272792E736869726F2E417574686F72697A696E675265616C6D44656C656761746F725F30737200176A6176612E7574696C2E4C696E6B656448617368536574D86CD75A95DD2A1E020000787200116A6176612E7574696C2E48617368536574BA44859596B8B7340300007870770C000000103F4000000000000173720025636F6D2E6A657272792E736869726F2E636F6D6D6F6E2E4163636F756E7444657461696C7300000000000000020200024C0011617574686F72697A6174696F6E496E666F74002A4C6F72672F6170616368652F736869726F2F617574687A2F417574686F72697A6174696F6E496E666F3B4C00056F726749647400104C6A6176612F6C616E672F4C6F6E673B78720023636F6D2E6A657272792E7765622E636F6D6D6F6E2E5765625573657244657461696C7300000000000000010200034C0005616C6961737400124C6A6176612F6C616E672F537472696E673B4C0002696471007E000C4C0008757365726E616D6571007E000E787074000FE7B3BBE7BB9FE7AEA1E79086E591987372000E6A6176612E6C616E672E4C6F6E673B8BE490CC8F23DF0200014A000576616C7565787200106A6176612E6C616E672E4E756D62657286AC951D0B94E08B0200007870000000000000000174000561646D696E7372002A636F6D2E6A657272792E736869726F2E417574686F72697A6174696F6E496E666F44656C656761746F728A718AB288023AB40200024C000D7065726D697373696F6E49647374000F4C6A6176612F7574696C2F5365743B4C0007726F6C6549647371007E00167872002E6F72672E6170616368652E736869726F2E617574687A2E53696D706C65417574686F72697A6174696F6E496E666F59EB4AD65ED02D540200034C00116F626A6563745065726D697373696F6E7371007E00164C0005726F6C657371007E00164C0011737472696E675065726D697373696F6E7371007E00167870707371007E0008770C000000103F40000000000001740013434F4E534F4C455F53555045525F41444D494E787371007E0008770C000000403F4000000000001E740019434F4E534F4C453A6F7267616E697A6174696F6E3A6C69737474001B434F4E534F4C453A7265736F757263653A6D6F646966795065726D740019434F4E534F4C453A64696374696F6E6172793A64657461696C740017434F4E534F4C453A7265736F757263653A6D6F64696679740017434F4E534F4C453A7265736F757263653A64657461696C740013434F4E534F4C453A726F6C653A637265617465740019434F4E534F4C453A64696374696F6E6172793A6D6F6469667974001D434F4E534F4C453A64696374696F6E6172793A6D6F646966794974656D740016434F4E534F4C453A6163636F756E743A6D6F6469667974001C434F4E534F4C453A6163636F756E743A666F7263654F66666C696E65740016434F4E534F4C453A6163636F756E743A72656D6F766574001B434F4E534F4C453A6F7267616E697A6174696F6E3A72656D6F7665740016434F4E534F4C453A6163636F756E743A637265617465740017434F4E534F4C453A64696374696F6E6172793A6C697374740013434F4E534F4C453A726F6C653A6D6F64696679740017434F4E534F4C453A7265736F757263653A63726561746574001B434F4E534F4C453A6F7267616E697A6174696F6E3A6D6F64696679740013434F4E534F4C453A726F6C653A72656D6F7665740015434F4E534F4C453A7265736F757263653A6C69737474001B434F4E534F4C453A726F6C653A7265666572656E6365735065726D74001B434F4E534F4C453A6F7267616E697A6174696F6E3A64657461696C74001D434F4E534F4C453A6163636F756E743A726573657450617373776F7264740013434F4E534F4C453A726F6C653A64657461696C740019434F4E534F4C453A64696374696F6E6172793A637265617465740017434F4E534F4C453A7265736F757263653A72656D6F7665740011434F4E534F4C453A726F6C653A6C69737474001B434F4E534F4C453A6F7267616E697A6174696F6E3A637265617465740015434F4E534F4C453A726F6C653A6C6973745065726D740014434F4E534F4C453A6163636F756E743A6C697374740016434F4E534F4C453A6163636F756E743A64657461696C787371007E0008770C000000403F4000000000001E71007E00137371007E001100000000000000027371007E001100000000000000037371007E001100000000000000047371007E001100000000000000057371007E001100000000000000067371007E001100000000000000077371007E001100000000000000087371007E001100000000000000097371007E0011000000000000000A7371007E0011000000000000000B7371007E0011000000000000000C7371007E0011000000000000000D7371007E0011000000000000000E7371007E0011000000000000000F7371007E001100000000000000107371007E001100000000000000117371007E001100000000000000127371007E001100000000000000137371007E001100000000000000147371007E001100000000000000157371007E001100000000000000167371007E001100000000000000177371007E001100000000000000187371007E001100000000000000197371007E0011000000000000001A7371007E0011000000000000001B7371007E0011000000000000001C7371007E0011000000000000001D7371007E0011000000000000001E787371007E0008770C000000103F4000000000000171007E00137871007E001378780077010171007E000578);
INSERT INTO `sys_session_attributes` VALUES ('9cd6cb3d-3050-4e94-8b0e-16ebf61736db', 'org.springframework.session.FindByIndexNameSessionRepository.PRINCIPAL_NAME_INDEX_NAME', 0xACED000574000561646D696E);
COMMIT;

SET FOREIGN_KEY_CHECKS = 1;
